Era,NOC_Count,Total_Events,Concentration,Dp,Weight
Early,32.5,254.7,0.6905103510469759,0.7435365038249037,0.5735469247740086
Formation,98.27272727272727,404.09090909090907,0.566831873671653,0.45350111725025893,0.6879939672091929
Maturity,199.44444444444446,670.7777777777778,0.3893993067999808,0.0,1.0
